159103036,PO1491,1
159103036,PO1492,2
159103036,PO1493,3
159103036,PO1494,4
159103036,PO1495,5
159103037,PO1491,1
159103037,PO1492,2
159103037,PO1493,3
159103037,PO1494,4
159103037,PO1495,5
159103038,PO1491,1
159103038,PO1492,2
159103038,PO1493,3
159103038,PO1494,4
159103038,PO1495,5
159103039,PO1491,1
159103039,PO1492,2
159103039,PO1493,3
159103039,PO1494,4
159103039,PO1495,5
159103040,PO1491,1
159103040,PO1492,2
159103040,PO1493,3
159103040,PO1494,4
159103040,PO1495,5
159103041,PO1491,1
159103041,PO1492,2
159103041,PO1493,3
159103041,PO1494,4
159103041,PO1495,5
